                      EXPERIMENT NO: 1.7 OPTIMIZING DATABASE:  (GROUP BY, AGGREGATE FUNCTIONS)
                 ================================================================================

1.    List product name, price except DOVE on price order.

i/p
----
mysql> select pname,price from product where pname!="DOVE" order by price asc;


o/p
----
+--------------+-------+
| pname        | price |
+--------------+-------+
| NIRMA        |    51 |
| JAYA RICE    |    61 |
| SANDAL       |    61 |
| COLGATE      |    71 |
| HARPIC       |    87 |
| CHOCHO       |   100 |
| NIRAPARA     |   102 |
| SUNFLOWEROIL |   122 |
| SUNLIGHT     |   143 |
| JOLO         |   153 |
+--------------+-------+
10 rows in set (0.00 sec)

-------------------------------------------------------------------------------------------------------------------------------------
2.    Find minimum, maximum and average price of products.

i/p
----
mysql> select min(price),max(price),avg(price) from product;

o/p
----
+------------+------------+------------+
| min(price) | max(price) | avg(price) |
+------------+------------+------------+
|         51 |        153 |    94.8182 |
+------------+------------+------------+
1 row in set (0.01 sec)

-----------------------------------------------------------------------------------------------------------------------------------------
3.     Find number of customers in each city.

i/p
----
mysql> select count(*),city from customer group by city;

o/p
-----
+----------+-------------+
| count(*) | city        |
+----------+-------------+
|        1 | australia   |
|        1 | cambridge   |
|        1 | chennai     |
|        1 | madhurai    |
|        1 | manglore    |
|        1 | melborn     |
|        1 | old traford |
|        1 | sansford    |
|        2 | trissur     |
+----------+-------------+
9 rows in set (0.00 sec)

----------------------------------------------------------------------------------------------------------------------------------------------
4.    Find number of customers in each city, only include city with more than 2 customers.

i/p
----
mysql> select count(*),city from customer group by city having count(*)>2;

o/p
---
+----------+---------+
| count(*) | city    |
+----------+---------+
|        3 | trissur |
+----------+---------+
1 row in set (0.00 sec)


---------------------------------------------------------------------------------------------------------------------------------------------------
5.    Show data as displayed ‘who, where’ Eg: ‘customer1 lives in trissur’.

i/p
----
mysql> select concat(name," lives in ",city) as cust_info from customer;

o/p
-----
+------------------------------+
| cust_info                    |
+------------------------------+
| SAM lives in manglore        |
| RAM lives in madhurai        |
| BEN lives in chennai         |
| ALAN lives in australia      |
| HENRY lives in melborn       |
| ALEENA lives in cambridge    |
| SOUTHEE lives in old traford |
| ARJUN lives in trissur       |
| DAVID lives in sansford      |
| ADAM lives in trissur        |
| HABEEB lives in trissur      |
+------------------------------+
11 rows in set (0.00 sec)

//WRONG QUERY, RESUBMIT
//VERIFIED
